123liuziming,22
1fanwang,44
22elix3r,25
57Ajay,25
aaaugustine29,46
aabhinavvvvvvv,90
aabmass,936
aalexand,108
aaravmahajanofficial,36
AaronRM,234
abel9851,35
Abhayanthk,46
Abhilash-Garapati,52
AbhiPrasad,93
abhishuraina,45
Abinet18,59
abruneau,62
Adii-45,193
adithya-r-nathan,63
adity-a34,49
ADITYA-CODE-SOURCE,208
adityabavadekar,33
adrielp,83
agagniere,152
agarvin-nr,120
AgentGymLeader,132
ahmadalguydi,55
ajimenez1503,38
ajuijas,50
akats7,28
akg268,67
akhileshsingh85,116
aki0000,64
aknuds1,102
akshays-19,77
alanwest,78
alban,21
albertlockett,998
alemferreira,29
Alex-Souslik,44
alexander-akhmetov,59
alexandreLamarre,41
alexcams,75
alexeypukhov,86
alexmojaki,143
alexvanboxel,20
alliasgher,43
alolita,26
alpineQ,57
am1r021,94
aman99dex,41
amarkdotdev,42
amazingakai,475
amccague,29
americodls,105
amir-jakoby,223
amishhaa,218
amit306,57
anarwal,61
andborja,145
AndrejKiri,129
andrewvc,50
andrzej-stencel,415
Andygol,24
andykellr,40
Aneurysm9,48
angad-2,37
aniket866,46
anneheartrecord,26
ansh0014,41
Anshumancanrock,60
Ansita20,43
antonblock,46
antonio-mazzini,70
anuraaga,161
araiu,48
aranhave,405
argaj,42
ArielDemarco,46
arielvalentin,421
arjun-rajappa,67
arminru,325
Arnav-Bansal,71
Arpit529Srivastava,23
ArthurSens,343
Arunodoy18,35
Aryainguz,23
aryamohanan,53
Aryan16138,40
Aryanbhargava18,110
aryansk,20
ash2k,32
ashishsinghnr,35
AsishRaju,45
asweet-confluent,29
atharvamhaske,126
atoulme,1937
atulgpt,40
austinlparker,47
avadla,35
avillela,28
aviralgarg05,25
avleentwilio,47
avy252004,20
axw,887
ayush-singh-0601,26
ayush-that,67
Azer0s,53
Babul422,52
bacherfl,86
bachgarash,45
bachp,43
Balaji01-4D,57
bantonsson,65
basti1302,361
bdewater-thatch,148
beekhc,22
belimawr,39
bendiknesbo,21
benjoseph-grafana,125
beshbeeshy,45
bhumikadangayach,39
bhuvan-somisetty,252
bidetofevil,264
bisgaard-itis,58
blakerouse,54
blarghmatey,85
blewis12,64
bobrik,121
bobstrecansky,276
bogdan-st,77
bogdandrutu,296
boqu,61
bourbonkk,91
bradyuan,60
braydonk,265
breedx-splk,1079
brettmc,152
Brilly-Bohyun,28
bruegth,27
brunobat,27
bryannaegele,29
bryantbiggs,32
bryce-b,289
btomaj,69
bvigar,74
c1ly,202
Caleb-Hurshman,37
callegarimattia,43
carlosalberto,220
carsonip,278
cartermp,30
cedricziel,56
celian-garcia,70
chalin,1612
CharlieTLe,59
chenlujjj,42
chethanm99,36
chimchim89,67
chinmaychahar,59
chluknight1224,20
chrikrah,38
ChrisLightfootWild,248
christos68k,905
ChrsMark,1000
cijothomas,2556
Cirilla-zmh,95
cjihrig,103
cjksplunk,37
clhain,45
Cloud-Architect-Emma,101
CodeBlanch,183
codeboten,1692
codecapitano,145
colelaven,34
constanca-m,441
crobert-1,355
csmarchbanks,98
cyrille-leclerc,189
DaanBiesterbos,25
daianmartinho,72
daidokoro,28
daisuke8000,24
dakshhhhh16,78
dalehamel,134
damemi,26
danielgblanco,321
danielpacak,96
danielpolimac,75
danifitz,48
darccio,786
darkknight8670,72
darkraider01,373
dashpole,1996
david-luna,472
daviddahl,99
DavidGrath,57
dazuma,29
dbarker,1077
DCchoudhury15,104
deepan10,49
dehaansa,28
denizariyan,66
dev404ai,23
dhananjay6561,151
DhroovP,44
dhruv-ahuja,80
dhruv-shah-sumo,200
didiViking,266
diogosilva30,46
Dipanshusinghh,514
dloucasfx,30
dlowzzxx,68
dmarkwat,155
dmathieu,2110
dmitchsplunk,82
dmitryax,1057
dnaeon,47
dnanuti,42
dobbydobap,39
dol,21
doniaassembler,42
Dotify71,28
dottorblaster,42
douglascamata,302
DoumanAsh,45
dpaasman00,62
dpacheconr,45
dqminh,21
drewrelmas,1237
dshivashankar1994,64
DucHungGithub,49
DuttaNeel07,27
dyl10s,124
dyladan,72
Dylan-M,29
DylanRussell,1009
E-STAT,67
Eason09053360,31
ebrdarSplunk,251
EdgeN8v,160
edmocosta,430
eftiquar,200
elang2,109
ElenaZvereva,72
elliehmy,28
emdneto,546
emiliaFer,49
emreyalvac,48
ericmustin,54
eriksywu,69
Erog38,42
eruizdechavez,55
estolfo,126
eternalcuriouslearner,353
etilite,43
etserend,37
evan-bradley,536
EzzioMoreira,38
fabled,920
fali007,32
farmerx,47
fbourgey,117
felixge,63
ferd,31
Fiery-Fenix,56
filip-kopyt,65
flc1125,206
florianl,1748
forafox,40
fractalwrench,1453
francoposa,39
Frapschen,80
frzifus,170
gaddas3,46
gafda,72
gaiaz-iusipov,70
Gandem,45
geekdave,30
ghareeb-falazi,64
gimsesu,25
girodav,76
github,140
gizas,25
gmoraleda,51
gnak-yar,70
gniadeck,23
gnurizen,46
gorbach,65
gouslu,242
gracewehner,55
graphaelli,73
grcevski,1371
greatestusername,45
GregMefford,25
gregory-at-cvs,32
GRISONRF,47
grvmishra788,71
grzuy,31
gscalderon,55
gustavo89587,94
gusun0,137
gyanranjanpanda,31
hagen-p,205
hannahhaering,87
hannahkm,21
hannahramadan,89
hanshal101,147
hardik-choksi,82
Harsh63870,73
harshitt13,69
hectorhdzg,132
henry3260,90
herin049,703
hilmarf,90
himanshu130700,60
hitkall,41
HoneyryderChuck,40
Horiodino,31
HQidea,31
Hronom,41
hussainjamal760,81
hxyannay,45
iamhaseebn,26
iamjaeholee,51
iamsauravsharma,29
iblancasa,979
IbraheemA,92
immanuwell,125
immavalls,163
inetand,29
inge4pres,314
intuibase,208
IonDragos2003,44
ipsitapp8,54
IrinaKarantoniou,113
isaacaflores2,43
ishaish103,54
IshwarKanse,40
iskiselev,172
itssaharsh,70
ivoanjo,139
iypetrov,71
jack-berg,1899
jackgopack4,23
jackshirazi,310
JacksonWeber,351
jade-guiton-dd,260
jaehanbyun,42
jagan2221,32
JakeDern,225
jamesmoessis,50
JamesNK,47
jamessthompson,478
JamieDanielson,104
jan-xyz,63
JaredTan95,82
jaronoff97,310
jasonjoo2010,25
jaydeluca,2030
JayeshHire,86
jdvr,33
jeevan6996,47
jelly-afk,99
jerbly,626
JeremieRodon,27
jerrytfleung,98
jhalliday,37
jiekun,56
jijo-OO7,62
jinja2,121
jkoronaAtCisco,117
jkwatson,397
jmacd,1604
jmmcorreia,103
jmw51798,48
joaopgrassi,263
joaquin-diaz,101
joecompute,30
johannaojeling,44
johnleslie,93
Joibel,74
JorTurFer,63
jpkrohling,58
jstar0,50
jsuereth,1288
jsvd,23
juandemanjon,33
juliafmorgado,53
julianocosta89,956
juliuskoval,23
JWinermaSplunk,54
Jwrede,46
kaisecheng,166
kakkoyun,419
kamilon,20
kamphaus,447
kamuju25,47
kangyili,113
karakayasemi,40
kartikgola,69
kaspernissen,35
kathiehuang,44
katzchang,53
Kausik-A,43
Kavindu-Dodan,177
kaylareopelle,1001
keith-decker,71
kevinburke,59
KHARSHAVARDHAN-eng,38
khpeet,50
khushijain21,136
Kielek,2256
KimSoungRyoul,42
klobucar,30
kmos,37
kohbis,1060
korniltsev-grafanista,43
kota-sakuma,157
krajorama,104
krapie,65
Krishnachaitanyakc,91
krisztianfekete,72
krsatyamthakur-droid,21
KrzysztofSajko,41
kuiperda,62
kuklyy,45
kushalShukla-web,51
kylehounslow,66
KyriosGN0,43
l00py,47
Labreo,149
lachmatt,124
lahsivjar,124
lalitb,2269
LarryHu0217,88
laurit,3267
lazureykis,26
legendecas,45
leghadjeu-christian,47
leiwingqueen,84
lemnik,24
Lewis-E,43
lewis800,23
lightsta1ker,42
LikeTheSalad,480
littletoxic,20
liustanley,38
liustve,73
lmolkova,4135
Logiraptor,21
lorenzoronzani,51
LouisDeconinck,41
LoveChauhan-18,101
lquerel,1518
lrwh,118
ltowarek,26
lucacavenaghi97,56
Luffy-nani,55
luke6Lh43,76
lukeina2z,23
lzchen,343
macayu17,65
mahendrabishnoi2,52
majanjua-amzn,25
maksmara,54
Mandark-droid,62
manishgoel3,45
manolama,20
manuelfelipe,45
Manvi2402,84
mar4uk,52
marandaneto,20
marcalff,1150
marclop,39
marcschaeferger,142
marctc,295
mariomac,603
marsevilspirit,24
martincostello,3344
martinkuba,157
maryliag,1272
mashhurs,25
mateenali66,109
matt-hensley,148
MattKotsenas,62
mattsains,53
maxday,43
McGluut,22
meebok,48
meijeran,44
meldegwi,34
MeloveGupta,63
meshailabs,44
mhennoch,56
michaelbushe,23
MichaelKatsoulis,59
michel-laterman,56
mifisignal,78
mikeblum,57
MikeGoldsmith,321
mikeldking,21
minuk-dev,121
MJarmo,20
ML-dev-crypto,29
mlushpenko,23
mmanciop,498
mmat11,1114
mmorel-35,57
MohamedElDegwi,163
MoosaTae,71
MoreraAlejandro,111
MovieStoreGuy,337
mowies,226
mquentin,49
MrAlias,5092
MrAnno,40
mrsillydog,21
ms-jcorley,60
Msksgm,176
mtanda,24
mterhar,21
mtwo,82
Mujib-Ahasan,38
murphpdx,57
must108,41
mwear,461
mwimpelberg28,96
mx-psi,1584
mznet,22
nabutabu,35
nachoBonafonte,84
nagkumar91,76
namanONcode,73
NameHaibinZhang,361
naptalie,41
NesterovYehor,208
Nevay,90
ngowran,25
Nick-heo-eg,126
nicknikolakakis,26
nicolastakashi,265
Nik-Reddy,126
nikhilbhatia08,51
nikhilmantri0902,54
NimrodAvni78,480
Nitesh-vaidyanath,21
normj,28
nrcventura,153
nsavoire,201
nw0rn,49
ocelotl,663
odubajDT,234
ogaca-dd,34
ogulcanaydogan,26
ohjuhun,53
om7057,426
omthorat2004,41
onurkybsi,138
Orenico10,83
osullivandonal,229
overbalance,690
owais,81
owent,259
ozzywalsh,31
pacocartones,38
pafi-code,52
pankaj101A,43
parmesant,47
PascalSenn,26
pathcl,30
paulojmdias,1761
pavankrish123,42
pavolloffay,297
pdelewski,82
pellared,2214
pepeshore,38
perebaj,48
perhapsmaple,77
perk,77
PetarJerinic,48
PeterF778,40
petern48,20
philsttr,35
pichlermarc,904
pinoOgni,353
Pittu-Sharma,56
pjanotti,193
pjfanning,109
PlateauGao,42
pmco23,21
pmcollins,81
popsiclelmlm,42
portertech,29
postnati,127
povilasv,22
pradhyum6144,29
pratik-mahalle,93
pratik50,31
prestonvasquez,26
priettt,38
pritishnahar95,214
proost,99
ps-mir,274
ps48,202
psx95,453
puckpuck,59
pujitha24,66
PuvaanRaaj,31
pwkowalski,25
quentinmit,60
r0mdau,46
raajheshkannaa,98
RabahSend,22
rads-1996,279
rafaelroquetto,398
raghu999,30
ragumarimuthu-git,140
Rajkaran-122,52
rajkumar-rangaraj,348
Rajneesh180,139
rajrohanyadav,24
Rakshitg600,91
ralf0131,46
Rama542,88
raphael-theriault-swi,32
RaphaelManke,29
rashmi-tondare,26
rashmichandrashekar,66
RassK,217
ravishankar-sumo,35
ravitheja4531-cell,20
RaviTriv,28
RealAnna,47
REASY,22
Red-GV,47
RedZapdos123,73
reese-lee,24
Reneg973,41
Renegade2345,59
reyang,384
richscott,97
Rima-ag,89
Rishab-And-Abhisekh-joint,55
rite7sh,31
RiyaChaturvedi37,150
RKest,88
rluidash,117
rnterbush,23
robbkidd,27
robert-northmind,24
robertlaurin,83
robsunday,50
rockdaboot,75
rogercoll,580
rohit-sonawane,57
RohithPariki,41
ronkorland,47
RoryGlenn,43
Rourf-Qiu,34
royteeuwen,29
rrschulze,44
rsamoilov,28
RutamBhagat,20
Rxfa,20
sablancoleis,43
sAchin-680,24
salvatore-campagna,71
Samyra312007,31
sandy2008,41
sanjana2505006,25
sapatrjv,112
SATVIKsynopsis,38
Satya900,59
SatyamPandey-07,44
saurabh-saraswat,27
SAY-5,232
scbjans,21
schahal,55
schmikei,34
schnecle,70
scottgerring,794
sdewitt-newrelic,114
seokho-son,59
seongpil0948,115
SergeyKleyman,30
sergeysedoy97,52
serhiy-bzhezytskyy,54
serkan-ozal,42
sfc-gh-zeningchen,132
sfozz,21
sgryphon,86
ShaanveerS,23
shalper2,28
shaneM50,40
shashank-reddy-nr,119
shashankxrm,29
Shaurya2k06,83
sheurich,50
shivv23,30
shrenikjain38,39
ShreyashSri,85
Shriprasad-P,68
shuheiktgw,59
shuningc,76
sightseeker,133
simi,169
simonbility,59
simonepri,32
singankit,193
singhvibhanshu,1686
sinkingpoint,60
sitole,42
sjmsft,53
sjyothi54,23
skl,240
slegarraga,25
smehboub,125
sneha-kr20,25
somaz94,48
sonalgaud12,32
songy23,2375
SoumyaRaikwar,21
spathlavath,118
SpencerTorres,26
splunk-shanu,155
Sprakhar97,72
SquidDev,26
SrikarChittemsetty,23
srinjoy356,21
SSOHEB,41
steveduan-IDME,51
stevejgordon,787
steven-freed,133
steverao,86
strawgate,50
stuart23,49
sudarshan12s,108
SumitDalavi,27
suprjinx,44
SurbhiAgarwal1,114
surbhiia,42
surpradhan,22
survivant,53
sv-splunk,89
svencowart,125
svrnm,987
swashtek,77
swiatekm,1118
Syedowais312,22
syepes,28
syhan,42
SylvainJuge,521
szegedi,21
szibis,79
SzymonIwaniuk,46
taisho6339,54
tamird,20
tammy-baylis-swi,401
tank-500m,65
tedsuo,58
tetianakravchenko,77
tharun0064,78
tharunn0,40
thc1006,211
the-mann,57
thebenignhacker,42
theletterf,291
theomagellan,78
theSuess,104
thewillyhuman,26
theycallmeloki,65
thisteensy,53
Thitipong-PP,43
thompson-tomo,2859
ThomsonTan,466
thswlsqls,135
ThyTran1402,38
tiffany76,563
tigrannajaryan,519
timr-dev,41
tknhs,31
tlee768,67
tomatotomata,22
tomerhy,21
TommyCpp,35
tommyers-elastic,39
tommyzli,82
tongoss,132
trask,12192
trentm,902
trisch-me,21
tsloughter,233
tushar1977,42
txabman42,221
tylerbenson,155
TylerHelmuth,1143
umanwizard,71
UmfintechWtc,46
unsafePtr,43
utpilla,1156
vanshika2720,22
VanshikaNavya,67
Vanshul97,134
vasantteja,70
vasireddy99,60
vedant21-oss,75
vengalraoguttha,39
venkata-pavani,26
verdie-g,67
vesari,32
vignesh2027,86
vigneshshanmugam,49
VihasMakwana,314
VinozzZ,43
viorel-alexandrescu,53
vishalmore90,55
vitorvasc,1412
vyagh,50
walleseve,68
waqar2403,40
wehzzz,55
weizhikuan,46
wikaaaaa,100
williazz,107
windsonsea,50
wolfgangcodes,58
woodpeqr,53
wpessers,358
wrisa,59
wsmoak,92
x1unix,57
Xepheryy,49
xiang17,44
xlelx,21
xrmx,1390
XSAM,213
xuan-cao-swi,387
XuechunHou,113
y1yang0,534
YangJonghun,42
yannham,23
YaoYingLong,103
Yashisinghal285,42
yashkrishnan,55
YASHMAHAKAL,57
yasuradodo,48
yaten2302,39
ycombinator,214
YElayyat,52
yigitcan-ozturk,21
yiyuan-he,26
ymotongpoo,733
yonch,69
yordis,307
YousefHadder,48
ysmnababan,157
ysolomchenko,181
yuanyuanzhao3,46
yuluo-yx,120
yumosx,35
yuriolisa,20
yurishkuro,22
ywwg,27
yyuuttaaoo,55
zacharycmontoya,81
zeitlinger,944
zhirafovod,51
zigzagdev,53
zmoog,36

